"af72fffa-a71a-4b89-9e3a-f4e95af0d275","0.00","0"
"6c297f7e-3536-43d0-9229-6c88ea49fe09","0.00","0"
"8c3bdece-0901-4ae8-a8b0-ed58f6ba835b","0.00","0"
"adcf8e97-0317-4c02-a274-cf43294f2546","0.00","0"
"f78f28ad-28eb-4f37-b97f-ac2799b45c2d","0.00","0"
"a88bbf29-ed58-43c8-8bbc-9df8c46fb35b","0.00","0"
"16206fcb-d049-4f89-9ff7-2af580204d8e","0.00","0"
"e329d17b-e753-4198-848d-cc1f0808e0b4","0.00","0"
"cfe1fc55-8d27-4cf6-b4f5-80eb6c5c5d95","0.00","0"
"27fe5334-3482-4f9e-9b6d-fb8d00ebb4fd","0.00","0"
"1a9431b4-43e8-4dc9-ba2a-bd2568fa3cae","0.00","0"
"c424ce69-6403-45c9-aa4d-091937bcb0af","0.00","0"
"35ae7262-28b0-4e01-8994-f1bd5cedb0ea","0.00","0"
"9bc1bd01-1c84-41bb-bc31-33f8ce2260c8","0.00","0"
"88283360-df06-4e19-9b78-ed5febd75d1d","0.00","0"
"82b0e673-5058-41c8-9c7e-947131dc088d","0.00","0"
"e79a8c4a-02ce-4025-b992-b6a347f8cb03","0.00","0"
"492c34ae-9636-4c22-8aa5-11073121b040","0.00","0"
"e89f0b2b-5e1f-47e9-93ea-afa7ef8aeb3e","0.00","0"
"4c0189a8-7125-45dd-8d17-9d8766060ec3","0.00","0"
"1f21f445-a781-4a51-8916-134df3fe7f6e","0.00","0"
"8520459b-4c88-4b23-83e4-5c53d5ca1698","0.00","0"
"505e112a-67ba-49a9-a131-1f704f19eba1","0.00","0"
"fb73be8c-ea41-4789-aefe-0ad0be9a39c9","0.00","0"
"b4937cde-35ba-45f9-9b56-27fb56cae2b3","0.00","0"
"7d2ab0dc-4ffc-4346-b157-a62279e6f77e","0.00","0"
"2109c3da-c1dd-45de-9019-aec9435c4d53","0.00","0"
"b7488385-1a9a-4691-b95f-cd9430546b52","0.00","0"
"e9eaa6f9-fc2d-407c-8aa2-15196e5958e7","0.00","0"
"11f11ca2-e587-4de2-a6f5-2010aac3b258","0.00","0"
"d19ea88f-a6e3-4803-88b0-63821f6a7ec4","0.00","0"
"b9f7f130-0a12-4ce4-a4ab-850f5ad98d93","0.00","0"
"104c239f-3804-4f53-b1c4-532a0cb516bc","0.00","0"
"aa775a6a-6f70-4a76-8895-24751c9c8760","0.00","0"
"6fc654ae-e8e6-4a27-a149-fcb39ec6326b","0.00","0"
"31c1b267-98f9-45c5-9914-8fa7eab723b0","0.00","0"
"672deff9-6c8a-44e3-bd47-e5af795d8de2","0.00","0"
"c25a6a6f-a996-4c5d-a63b-abaaaf5dbd5a","0.00","0"
"faf3d836-065a-41f1-a00c-0712d827e8ea","0.00","0"
"1160af47-df6f-45cc-9d9b-9af76815df58","0.00","0"
"95022dea-bfc2-4e5f-8ee7-2185c16ce3cc","0.00","0"
"b46def9f-6185-4449-a5f8-4101ef7a33d6","0.00","0"
"7e9adb4b-3010-4dbc-9473-0fe55c14c7a7","0.00","0"
"0285151b-f851-4366-822f-66618de41162","0.00","0"
"8c559459-b0e4-45cb-b49a-1f88c31027f3","0.00","0"
"e9ceebbf-5349-494d-aba2-d441bae69f2f","0.00","0"
"6b332f42-1419-4aae-8c21-bcfd780c16d9","0.00","0"
"a0349e72-67c2-48b1-8cb0-030aadb5c436","0.00","0"
"263c9c5d-9306-4597-b51e-514bbddaa717","0.00","0"
"d20cecba-dd7f-4d4c-92de-5d643da05a68","0.00","0"
"997eb59c-4d52-4935-b274-d58c6dc8b1ad","0.00","0"
"2fb3e302-ca83-41c4-b385-326727f059a0","0.00","0"
"9d77a754-d5af-4f9d-82d1-28b03d268930","0.00","0"
"47e029af-a21e-4280-90f8-46b4e228ff54","0.00","0"
"bcaab656-ef5a-4771-962e-d93ee0b9ded6","0.00","0"
"139ba12d-5c14-445e-ae2c-b9ce7c84c97b","0.00","0"
"3e665931-5127-4c66-a478-9baa25ba492c","0.00","0"
"d5ea6f79-c3a4-47e7-9e13-091815650176","0.00","0"
"99c4ed76-fbe5-4736-af7c-44506c5e5c0b","0.00","0"
"dd820d0a-a041-474e-b365-aed2b3869f9b","0.00","0"
"3db98103-163a-4d4d-a3db-d4f9a4181925","0.00","0"
"66ef78e2-5664-4bea-8805-2d5e9ab3b049","0.00","0"
"24038b29-95d9-41a8-8c79-d323a4193983","0.00","0"
"858e8368-a83b-4481-8255-7592b19f5586","0.00","0"
"17ce4aee-f301-448d-b198-93804481dad7","0.00","0"
"74e4ae14-1a7a-483b-b206-dd58523e77af","0.00","0"
"bb9b75e9-9c4b-4003-a5e2-d97b93392702","0.00","0"
"b7e47857-5163-40bb-8c32-cbd3b505d879","0.00","0"
"0f7500a0-1a8b-420c-88ed-68d6f323e50b","0.00","0"
"09d59823-87ce-46d5-ba74-6bc4045d8e0b","0.00","0"
"81babff9-59ef-4285-8ac0-c989f68caeb4","0.00","0"
"a7ee0aa2-6c67-43f8-8b53-aef3aee77947","0.00","0"
"9bd40ade-57d4-4acf-9475-998de6aa5190","0.00","0"
"5fdecee0-2e4d-4f00-8d63-2984543b06ef","0.00","0"
"736fc5be-6ae2-41b8-af05-6ab6cdc8c591","0.00","0"
"07854513-0028-4938-9a42-d9b25b2334d0","0.00","0"
"e252c1ad-741b-4186-b737-8f9f97bedb99","0.00","0"
"c51fbb4c-6c57-410f-abbe-bb74748b188d","0.00","0"
"605ea74a-4ccd-438d-a377-2e301288a765","0.00","0"
"aa79df89-c1c7-4a35-98bf-7bf35d11bcf3","0.00","0"
"1b225119-039f-4d35-b5b2-2b1751af67ed","0.00","0"
"68a575dd-2209-40bd-a294-5dc00db1dac1","0.00","0"
"ac5f1fcb-3511-4617-885c-c1f94f4fde00","0.00","0"
"1e165456-ccb6-4668-82f5-ef4c0ec571d8","0.00","0"
"2d8d36e9-d373-4143-9da9-cf0c856dde27","0.00","0"
"f902cb19-d8b5-4e1d-955f-1b7555e89c94","0.00","0"
"05503492-b39c-4525-91fd-0bc8bee18b71","0.00","0"
"72f986df-3de2-4a9a-bbfd-606d622e226a","0.00","0"
"b4681794-9d66-4ef9-9e19-bfa5d8d59ab3","0.00","0"
"3bcff39f-92fe-4070-8781-c1a40eb41039","0.00","0"
"fac9c74d-b2f7-42c9-9270-f4ae3c0e3dd7","0.00","0"
"33d574d8-70d6-4d06-9499-b27342439c08","0.00","0"
"2fd31494-8781-4acf-a2e7-81a4ec94227a","0.00","0"
"a3a0ec0b-cc1a-4763-9a37-487ed0417ba9","0.00","0"
"964e8a3d-a03f-4b4a-aa60-1f307cfc9ec9","0.00","0"
"ac2a0fd7-9c7a-4ed0-96fa-0aa391013d48","0.00","0"
"40b42bce-2cd0-4e59-8819-cfe8975cce97","0.00","0"
"a78eef34-f807-4baa-afcc-842d3e67ba5f","0.00","0"
"440aefb5-30e8-4ba7-aa9c-af790b6dadd2","0.00","0"
"af9f699f-567c-475d-87ce-adf3e01c1eea","0.00","0"
"dd198a64-6197-40a3-b405-428005e97aa3","0.00","0"
"462a8a6b-0c75-41d0-b105-865918e7750f","0.00","0"
"e0b68bae-0ea6-4e67-b225-6b7c3f9810ed","0.00","0"
"da0b7bde-aded-4257-bc87-8a1dee87f190","0.00","0"
"c4eab992-01ad-49e6-acb9-26efa7e28ce5","0.00","0"
"4180c271-9af8-44e9-b883-28e549f68c4f","0.00","0"
"eff47f62-85db-42aa-afcd-f75d1ae9134d","0.00","0"
"0e3b95e2-9c5a-44c4-af50-5438e2e95357","0.00","0"
"436f9ca2-fd42-4b12-afe7-d8a04d4df63b","0.00","0"
"8a6ddb88-ff92-418c-9425-16ab6103ae4c","0.00","0"
"96132f1a-f5bf-4d59-a400-4eb797486186","0.00","0"
"20c12f80-16d1-46b5-9852-81526e091e86","0.00","0"
"a3c95a31-ff76-4695-9672-a800d2157eff","0.00","0"
"fe90e98d-8251-45c0-bd9c-21677d20313b","0.00","0"
"88d87983-984a-4191-bafb-4828e3d8dda7","0.00","0"
"37c6a0ee-43b1-47ea-9782-7f988a9bb1c8","0.00","0"
"ba0b56d7-dd50-4b05-817f-8267e0ef2a5f","0.00","0"
"81daef07-57ef-4de0-8d2f-f8ece83010b8","0.00","0"
"eab5106c-a439-4a35-8919-ad556d5c70e6","0.00","0"
"677ef5b7-de09-4124-987b-7c449144877f","0.00","0"
"819b5158-adc5-409f-8bcd-fa4ccc236903","0.00","0"
"bb5567fc-82f1-4a38-a4bc-ac9c9c18508b","0.00","0"
"15241279-8736-409a-bd96-c164d2357c6c","0.00","0"
"f683b2c8-1a37-403d-8923-8aecc13c2d09","0.00","0"
"aa4cc005-28a3-4c4f-b846-138d9058337e","0.00","0"
"c09f1f02-6128-427e-948d-1e8d3f5644ed","0.00","0"
"2dff03dd-3ff6-4294-aa93-ac4ef9bb8494","0.00","0"
"b3b49c66-e68e-4977-9ffb-41d958d99d54","0.00","0"
"ea81852a-6de8-4d46-8779-116ad9da24e2","0.00","0"
"2df07823-6fe6-43a0-ba75-6d4233916647","0.00","0"
"3645618f-6a66-4448-89e0-b7232e662868","0.00","0"
"cf3f1f79-9c94-432a-b62d-fbb0b406742d","0.00","0"
"349cf0d3-bcb3-4934-845a-60a51bc31335","0.00","0"
"e7a49d58-dfab-4621-b93f-d9e9cf427030","0.00","0"
"fbae2ae0-36e0-44c8-823f-10812ef62afb","0.00","0"
"b3848869-7bbb-4b3b-93ce-766d7ea83617","0.00","0"
"aa9ddd8d-fe86-42ad-9b96-a6035fe9210c","0.00","0"
"33122bd3-9493-401c-b1fd-36acf7b53008","0.00","0"
"239a26b0-78ae-43b3-ab8c-4d896590baac","0.00","0"
"29950b05-c4e2-40be-bbc7-b7be7d8b9e17","0.00","0"
"02591393-45f3-4d52-a4b5-51f87e120f1c","0.00","0"
"2b696e5b-56ad-45e4-ab80-47714168d6d2","0.00","0"
"5c19a861-e5b0-4895-8dc6-bb11ff64bdd9","0.00","0"
"d4ea42a8-042f-4d31-a906-8d281697e2ba","0.00","0"
"16082c12-9862-4f23-ad77-96256168039c","0.00","0"
"c920e8f3-4f48-43e9-8a78-165ee178ed8f","0.00","0"
"8ef9b748-f1cf-41f0-9bcf-3daf2f1adb73","0.00","0"
"56829c29-353b-4006-8bc1-42a9c16b343a","0.00","0"
"49367182-9ec0-4d34-908e-9f1fe412df5e","0.00","0"
"6042a98d-ca24-4ddd-90f9-c31337b16e91","0.00","0"
"70759121-80f9-4674-8333-494d53c127a9","0.00","0"
"fda754e6-dc4b-4db9-91f9-8c6589220495","0.00","0"
"6d375343-dd7d-400b-8b72-5d8186334fb0","0.00","0"
"af2c5a54-4053-4f9f-b142-a389c341752e","0.00","0"
"4464a22b-4406-4f4d-a863-8187251c4b8c","0.00","0"
"b621b753-fecb-404f-b68a-13ad2dc7c2e9","0.00","0"
"2b1f8dca-3e66-4188-ac76-863879a2b499","0.00","0"
"b66d9ff7-9acd-499c-bdad-add6cde1b023","0.00","0"
"bd3ea362-2433-4f66-911e-723a7cb3c8c3","0.00","0"
"03581697-c340-4236-9694-acf1efbd54f4","0.00","0"
"17aef2fd-dbe5-4aa6-8afe-b259b7c23ac4","0.00","0"
"e192c1be-0051-4c37-9ef0-2a5d60e08bfd","0.00","0"
"dbd1cd17-c83f-45e9-9886-af7c20c7c5e3","0.00","0"
"1716d506-d771-433b-b02c-33ce27688a65","0.00","0"
"3d30a6ba-13f5-445a-af1c-89728905e325","0.00","0"
"a51c990b-373e-440b-9193-c64f7a527fbd","0.00","0"
"4546407b-4782-48b9-833b-05c8f6eda88d","0.00","0"
"073b39a4-ec5e-4890-baa8-08ce0e2c7c10","0.00","0"
"09353f96-2cf6-4be3-bb05-3431bbd4fdae","0.00","0"
"a22773dc-f40d-4e79-8f3d-5822180daec6","0.00","0"
"1f4c5995-29dc-4b2d-80fc-9bdd70fb6109","0.00","0"
"c9869fcf-5987-4000-beae-51e216abea1d","0.00","0"
"50ab482e-08c0-42f4-b610-14b9c86f6eb8","0.00","0"
"4bcbd880-67ec-4a0f-b81c-f9315978c406","0.00","0"
"e9e846d1-4b0c-4325-9a40-532f85fd564b","0.00","0"
"cad0ae3d-9999-40a6-8b95-f7cca4ac53e0","0.00","0"
"a6505724-e1ed-4687-9936-e69dabcfa5df","0.00","0"
"68d930f9-0413-4454-be55-17276e984605","0.00","0"
"450a9427-9694-46b1-8220-5311c715ee62","0.00","0"
"c8434174-8533-4288-89e9-145483f70096","0.00","0"
"8d7a255f-31e0-4c70-bf3f-d0af607c32c2","0.00","0"
"c844fc75-5cdf-44ba-a6b5-cb4a0210f446","0.00","0"
"30b22a01-769e-4d67-8d26-cd7fa082c34c","0.00","0"
"68e273b8-fefa-468d-9356-edc3229cd411","0.00","0"
"a4883899-3894-4d1d-8c15-20f338cb176c","0.00","0"
"9550506d-e961-49b8-8489-872ed9efcd77","0.00","0"
"62234d2c-0926-4ba3-8968-cd6abaf583df","0.00","0"
"0fe6d721-a9f7-4fc3-9cee-3123fc03a65b","0.00","0"
"0d8129af-39e2-43ba-ae39-ff0a36eff7ea","0.00","0"
"c1d49861-1886-421e-9712-1c924107e4b9","0.00","0"
"6ca6ba3e-a607-4f92-be16-a98a1442bfdd","0.00","0"
"3c20333c-36e3-46a0-9338-ba1c843e188d","0.00","0"
"fa0a2454-67d8-465c-9c65-f9fb22defe01","0.00","0"
"f2d4f441-2acf-4e3b-9326-3db6d8924b16","0.00","0"
"36d5a5f2-a2f1-4c6b-bd2a-b62ddc65051a","0.00","0"
"e736a127-4717-476f-b3f4-5c525d6c1d24","0.00","0"
"45032403-88a3-46f6-b4ee-6facc453fe13","0.00","0"
"8b88bb74-bc05-4202-af99-05d535f2c385","0.00","0"
"79e545dd-dce9-48d7-944f-9351bdb1188f","0.00","0"
"dbd724d2-b215-4143-a706-43f068258e38","0.00","0"
"0f92a6d2-61d9-485d-8381-46be8324e6d9","0.00","0"
"952a6c55-c33d-4c91-98dc-8b78749910eb","0.00","0"
"335ceec1-2581-40ce-a75b-2e8445655ccd","0.00","0"
"742ea917-6130-4782-b125-3cdd65ce7f97","0.00","0"
"4f0f6303-66dd-4fbb-b2a2-12cb4fa28f42","0.00","0"
"9fb5715a-c61d-4820-abf8-b16d78707447","0.00","0"
"4acd188d-1de6-4676-9e9d-0edb42ce3b3f","0.00","0"
"6bdc2eef-33f3-4106-aa5c-1419e05cd97b","0.00","0"
"57ab4d6a-f13a-4bda-b691-ffd70bde97a2","0.00","0"
"a0088f38-b5a1-459e-892b-f234e1363b9e","0.00","0"
"c0f750f8-7b0d-4c02-8292-c9e528c037cc","0.00","0"
"f15e2285-5d2d-4e4d-9aa9-fa99d3eb3e89","0.00","0"
"ae86cac4-4c2d-44a5-94e2-c0c1688f2e80","0.00","0"
"0a7a402b-b104-41b2-bb27-49174427fb43","0.00","0"
"6962fe21-f75c-403f-91b2-6432e120156b","0.00","0"
"2641154d-8a39-4bb5-ae5b-8c0a03fb14c4","0.00","0"
"a59dd0c8-0849-46c6-95bd-4ab928818b92","0.00","0"
"ffca727f-ff95-4f0e-a028-253389c1080b","0.00","0"
"66bcd349-49b7-4ccf-bfd6-48f2bccb8410","0.00","0"
"ad27dcb2-a4e1-4108-b9de-3f57433e4201","0.00","0"
"bfa36b8a-27f9-43c8-8586-4a5a31759f0b","0.00","0"
"8291c730-bbb6-476a-8ecc-6e802c641923","0.00","0"
"497670f0-f8fc-4bae-9d3f-3c8f434fcaff","0.00","0"
"6795bfcc-c937-4953-bcd8-17b4865883b7","0.00","0"
"fd8fab0f-625c-4576-8c30-fc74a5f2d2e0","0.00","0"
"97bf7aca-0701-4483-82f4-ed2b6cfe7024","0.00","0"
"6f5a4359-491e-4da8-a139-97d59e0496a2","0.00","0"
"8fc25edf-740a-43ed-bbe1-d3bfea0d6136","0.00","0"
"a01b9c5b-7aac-4143-927d-f5fb6789d3db","0.00","0"
"bfbc16c6-2212-4bdc-a911-ddce901eda6b","0.00","0"
"3d66b560-32c6-4ca3-8bbd-24b1f85a3e01","0.00","0"
"443641c8-07f1-4a5e-9849-078206dae427","0.00","0"
"977c71cc-94ec-4db5-9274-8b9533c99cf9","0.00","0"
"464bb5fb-2606-4ea5-8c56-3e37c1358d3f","0.00","0"
"a3c7bbab-f0a0-4b81-9ecc-0c9d109c54c7","0.00","0"
"b4e1a576-570f-41fe-9d24-7c53522854c5","0.00","0"
"2032f6a8-3596-47e3-9a1c-13faa4dd3a2b","0.00","0"
"8de6a264-0f64-4273-a549-40729a32f232","0.00","0"
"8cfaff7c-8695-4f1e-aba3-252d5ceba84c","0.00","0"
"0a88a7f7-02af-452d-9f2b-f3715f8ddebe","0.00","0"
"42713629-b340-4676-87f2-6d9e9c09ddbf","0.00","0"
"e875a6e0-fd91-49bc-a10b-4a6e47a604f4","0.00","0"
"6582416b-051b-489d-a85c-fbd9016a7cab","0.00","0"
"76d19a11-d399-4477-b361-0e34ac1b347a","0.00","0"
"00285d1d-bcbb-4fc2-959e-7c7d320b0808","0.00","0"
"814856b4-efe0-4be9-9f41-935ac7b4cda8","0.00","0"
"8d9ea46e-42b0-4e83-9a2b-4a0fe62d9661","0.00","0"
"e2125128-341c-402f-b205-a07bc3edf4cf","0.00","0"
"bcc180cb-b45c-4e5e-a861-fe1df122abe9","0.00","0"
"a49a8b58-6f10-4a43-9b2d-808f8fdc7ebb","0.00","0"
"d41fece4-db72-420c-a97c-1eb5dc610e9f","0.00","0"
"6c959b75-424b-44e3-9525-e392118c9e8a","0.00","0"
"c4a8f1a9-0c32-4f62-9823-92131daf3721","0.00","0"
"597ad0c6-a317-4036-afc0-03d467fec199","0.00","0"
"9e82f72f-7b7a-4900-9c50-89336f9bb94b","0.00","0"
"6ef8800d-b2f3-4aa7-9637-be1afe34cc55","0.00","0"
"c1bf17b3-2c42-4bf9-bc10-1b99e93e7e74","0.00","0"
"aa4e0f0f-e940-4ff1-8e00-e3274cb35906","0.00","0"
"49a2e53b-c69f-450e-a8a8-cdfbc460dbc9","0.00","0"
"c7d3b813-ab3c-4df3-9b0d-14d618b64809","0.00","0"
"a769e03a-1c5e-4d27-a226-1258fce9c89d","0.00","0"
"a566a68f-8161-4fad-92c5-b28a7e12a1c8","0.00","0"
"3a75ebbf-ffc4-408b-939c-bf9e2d89c8e4","0.00","0"
"c62c36ac-d2b8-4674-bb90-306d90794773","0.00","0"
"9f68b9dc-8db8-4fc2-9c51-0c41f3a8777a","0.00","0"
"7ad24afa-2204-42d1-b1eb-6b2dda7b4150","0.00","0"
"f6366b1f-1300-4e48-8560-8a277223d959","0.00","0"
"9d23158b-6013-4ef4-b98b-9fe129f8a98a","0.00","0"
"b6ffb5ce-19bf-4a6b-92d3-3fbd74048b4e","0.00","0"
"29c4d11b-3897-468c-8bae-c522dce6f140","0.00","0"
"8e1999ee-bdd1-49f3-98a2-c907c7cf110c","0.00","0"
"46b5e52e-6954-4199-8160-f5cf131976d6","0.00","0"
"7907f7ed-4c84-44f7-a0cc-c7470676147e","0.00","0"
"4f70e288-8447-42c1-8b44-de0497dcfce0","0.00","0"
"a7e06b37-d35c-462c-87cd-3d073390a2a6","0.00","0"
"c3e4ed04-9b02-4af6-88f6-4f94c840840a","0.00","0"
"6e257c56-c360-4bf2-8b62-dcecdda0238c","0.00","0"
"1c3e6a2f-3527-4e3d-b649-742823b30cbe","0.00","0"
"272ea7cd-3b4a-4429-bc12-488aa4b90759","0.00","0"
"6d7127ce-25b9-4222-af9b-fc9e7fead3ce","0.00","0"
"69dd4535-c5dc-4958-bc1c-8510f3dab393","0.00","0"
"309f45ed-9263-4cdb-84af-c3c81e99a285","0.00","0"
"c8942bd4-ec40-4814-9883-5aa7ac5492f7","0.00","0"
"6ed297b8-e0bf-4335-bf77-ca5ac3bdf749","0.00","0"
"57bccf60-e6c6-4ca6-96ac-6928c3e98b9b","0.00","0"
"76524e0c-4f25-4779-ab27-fcd015331d0f","0.00","0"
"72f218ef-da55-44fd-92d9-61759a365fdc","0.00","0"
"ac918996-372f-4435-85fa-c9bda118b0f4","0.00","0"
"65fe1f48-0ccd-4ea0-a23b-bc5a68bc7a5a","0.00","0"
"f1534be9-4990-4d13-9efe-56bf7eb7b5dc","0.00","0"
"28741d16-5b6f-45cb-a22c-bf3cef41aa1c","0.00","0"
"f138e7c8-0a96-4041-8b8c-a76c73383de1","0.00","0"
"ba1f037a-0078-49a2-b96a-19534730ab4c","0.00","0"
"1bf049c8-47b9-4710-ac49-3d2915b22620","0.00","0"
"c8f1ab8e-38b2-45ff-9f05-f28eef3c25a9","0.00","0"
"9bab1231-7707-4241-8d60-90da21871ad4","0.00","0"
"655278f8-2e3f-44d1-b761-2e5de70c2b89","0.00","0"
"7ee43a70-4ace-4bf2-9494-5f2a3f7063a8","0.00","0"
"baad846a-82d9-4d3a-a991-d048fc53b9e5","0.00","0"
"bb805084-49b6-4bc3-a890-b7f6acc331e5","0.00","0"
"2220eea5-27cd-4c12-ae15-a76b544701e7","0.00","0"
"fed9a396-eb1d-46c3-88b0-593110a30c66","0.00","0"
"7f5da02a-4744-4aeb-ace7-ff76d7666e24","0.00","0"
"2d75722d-3f44-4213-af02-771573dcb7d9","0.00","0"
"2e4d4cb9-2980-467e-ac37-6c0b7f5867f1","0.00","0"
"8f721620-01f6-4d13-8625-985f414f745c","0.00","0"
"f7cc9eba-592f-4870-b126-f4523100b8ed","0.00","0"
"e7e11670-fdfc-4cf3-b409-2454a986c1e4","0.00","0"
"b7627ab1-1fa2-437a-a32a-4e8f7a39c7c0","0.00","0"
"28579ae6-3104-4010-9de8-7427376e5529","0.00","0"
"1ece8d7a-acee-4ea7-b499-ff3145097115","0.00","0"
"ea14abfb-6bdd-4a8c-9fd9-522aaaa6464d","0.00","0"
"51259552-4d6c-44af-8e1b-4c6576b3e642","0.00","0"
"d049fa30-7103-4883-9b05-cda88f05e08a","0.00","0"
"69d67cc0-1ecb-4f64-bcfe-0f05057f781a","0.00","0"
"cf1059b4-4994-417c-abcc-e9c4dd9b83f4","0.00","0"
"16d2e614-3274-41f9-8274-d5c57f72a18c","0.00","0"
"5079f5c1-e876-4227-bcc0-e20faebad6a0","0.00","0"
"426adf35-99f2-4068-80f8-443ff42c0a66","0.00","0"
"44b633d5-89e6-41e6-82d7-52573234b961","0.00","0"
"b6b88a40-a5b6-4814-b56d-f9ecc927a759","0.00","0"
"6d04a037-cba3-450f-89dd-8b17c2fb1bf2","0.00","0"
"cc217ff7-282a-456d-8059-3996de6160bc","0.00","0"
"1044c85f-6525-4d87-a600-996a68517479","0.00","0"
"a5e4b55f-d4b8-42c2-bdc6-703b8e25e297","0.00","0"
"8eb7128c-ae4f-4a39-a289-4e1cbe0eae02","0.00","0"
"57325541-3138-4ea8-9b06-c9d1b2521d21","0.00","0"
"87c6bab7-a273-4d31-b15b-50dc1d754006","0.00","0"
"fc86af64-9339-4cfd-941c-d5038e23e338","0.00","0"
"1243c559-b996-4b51-9555-5ee2b6b71234","0.00","0"
"a2c69c71-84e8-436b-8722-3d12e66c6e39","0.00","0"
"3d175613-b19b-4c96-9106-fc7da327b095","0.00","0"
"44ceedf8-4674-4409-8f50-2ba707358866","0.00","0"
"b533ef06-508b-41ef-b57f-f40f1ba64b32","0.00","0"
"7e3b0d9d-0504-42a1-bb39-c194672d2b21","0.00","0"
"3a48274a-b7b5-49b3-92a3-3ddc738912f6","0.00","0"
"b4492eae-245f-45dc-bc65-1018fe3fb2ff","0.00","0"
"f9e55b22-e843-4194-b8d4-97be386553ab","0.00","0"
"3fc91363-2f51-4a08-9e5f-0c305c6fa525","0.00","0"
"1ee5ddd4-e824-4607-946e-2bf88d66f176","0.00","0"
"2e3d9d0d-b582-4fde-a38b-6a76e89aa391","0.00","0"
"2f5cc2ae-e67c-4f8c-a504-65c8e7496fd8","0.00","0"
"7f3388bb-4c98-43df-98eb-a2364d1ba572","0.00","0"
"fbe2e1d1-b5c9-4306-8e63-8557efe69af2","0.00","0"
"2c37e6b1-72c5-4435-aa65-ddca0a5ea79f","0.00","0"
"ff5910be-f76d-4459-8a10-2e366db3d560","0.00","0"
"34625d76-ba3d-4d3b-b155-85267f2a3100","0.00","0"
"9879e167-e372-4523-8e56-485a106d8bfc","0.00","0"
"17a245a6-4540-4a4c-a1b5-dc3777b33fa2","0.00","0"
"4795acf0-1a9f-4306-9d2b-8face3eab5ea","0.00","0"
"304fcc28-0b7f-42a7-ab9b-17e3bc98d5a9","0.00","0"
"f463613c-d0bb-4bff-b3a3-c97c53f35023","0.00","0"
"1c3a01fd-1ee9-453b-8989-562744454ead","0.00","0"
"bba00eeb-0d3f-4d49-9ded-46ec4b7c626a","0.00","0"
"7bf2d0a1-7ea6-4567-a553-e5eb6594d720","0.00","0"
"bbfcf3ac-d10f-4384-aaf0-47b303bdc856","0.00","0"
"1dc208f6-b454-4aec-a097-01a6e704dde9","0.00","0"
"78870f7b-8c2a-4270-99df-70f1f9c5e870","0.00","0"
"720eb54a-a13f-461c-8c36-44a08a8017d3","0.00","0"
"45ee34f5-846a-45f6-bda7-d2abc2d7afc4","0.00","0"
"98bde21e-f01d-4c61-9b97-f22a547a3af8","0.00","0"
"78d730b1-3128-42a5-a061-6998894f673c","0.00","0"
"daa96687-ec9e-4df9-94f1-0286f77e943b","0.00","0"
"539cf013-84d0-431e-8772-250c9d3c29a2","0.00","0"
"13648a60-613c-4ef0-8174-00ae01ca52ec","0.00","0"
"e81ab835-af87-4aba-9c6f-1061aa852ec0","0.00","0"
"7b8f849a-b5a9-4805-96c7-88e93f4bd346","0.00","0"
"86923d16-cc36-40fd-8886-024209145f40","0.00","0"
"d6af1bc3-0a4d-4705-ad17-6e9e6b526aa0","0.00","0"
"854f9cf8-d5a3-4519-81d9-04f1e696db6c","0.00","0"
"e4601a66-e99f-4fa5-9ec6-4066b154aadc","0.00","0"
"907f399f-4a2f-4c5d-8ef8-bd42618e1e85","0.00","0"
"ae998aa5-57bc-4cf5-bc4a-257241d0ca98","0.00","0"
"5c194c29-1f92-4f6e-a616-03e0bece51a8","0.00","0"
"2f8bc6cf-cd4c-4040-aa8c-3b371d8a420f","0.00","0"
"8fbce881-7542-4db0-ae43-b48c441a4099","0.00","0"
"1aebc28a-6f0f-421d-adb7-19fb8ff78cb2","0.00","0"
"84d0085c-4f74-4929-84e5-425ca621b0a1","0.00","0"
"bd17b0fe-1a21-49bf-9231-abffffa748f4","0.00","0"
"9066debc-2840-4872-8b80-60e6037bf87d","0.00","0"
"e411584c-597a-48df-85e3-54a0fcbbc081","0.00","0"
"2acb386c-d128-4858-b0be-995950732666","0.00","0"
"d881a03f-b452-4612-b9e8-9a039c156004","0.00","0"
"1a326bee-f1d3-499d-a644-263db21ac202","0.00","0"
"5fbd0b3d-7b76-4d19-a659-681f1d71c7f2","0.00","0"
"a5ee100a-f031-4364-a8f2-1148a56200ad","0.00","0"
"911fd08e-6222-4843-8e2d-b71bd0ede85b","0.00","0"
"dcdb546d-9093-4275-a132-946f6c89dea8","0.00","0"
"db1a5a95-a29d-4a15-8f97-f1dd1a54610c","0.00","0"
"f8d76928-546c-420f-bb25-7c8c62c0fdf7","0.00","0"
"7ce2611e-1357-4944-96fb-4fc08df07fd9","0.00","0"
"2605dcfe-88a9-4ad5-a43a-70d474627cf0","0.00","0"
"0b0c02d0-8738-4cfb-b6b5-03d196c578ff","0.00","0"
"69aaef07-8f8c-4a1a-a267-832c8468e6eb","0.00","0"
"7982cabb-0e74-4b33-a24c-37e41bbceda5","0.00","0"
"5f5f6b73-1fb0-4372-91f3-7bc936a0ec4a","0.00","0"
"6eadf372-6db7-48d9-9bf8-e93abee840c5","0.00","0"
"ec0b9708-f5a6-4fbe-83e6-ace2f41d77e4","0.00","0"
"bd7b0113-ae35-44e7-838a-bbafad0d54d9","0.00","0"
"34d72a65-02fe-4e64-ae4c-3f0d528e8c29","0.00","0"
"1058ea34-3153-41d3-84ca-c9c4a2dd41aa","0.00","0"
"a6bdedb6-d896-4213-933d-abe8f90a0c95","0.00","0"
"91bf9a97-c1e5-4f6d-8a66-e755a2f64145","0.00","0"
"c72e58d1-cc0e-424a-ae52-972aba7e6f5e","0.00","0"
"f58f921a-e378-49c2-abbb-0b583ced0405","0.00","0"
"f6446c20-02ee-4990-9d2f-c3f57446f97b","0.00","0"
"e1e2ffde-3f3c-4cd9-9739-77b863313e2c","0.00","0"
"00eb716a-749e-4c8e-8e97-d0eb07d53afe","0.00","0"
"1237eb59-848d-447a-b30a-4d9cb69b00c5","0.00","0"
"cc73ed3c-41db-4f91-8680-fc876a692c9c","0.00","0"
"31a5eaf7-131a-4662-b52b-c90fe657b5b7","0.00","0"
"334c0b0f-d162-45d3-9139-edadad15befa","0.00","0"
"0008ea37-a022-46b4-a660-b7bce5380ea4","0.00","0"
"b75f7ee5-590e-4683-8d61-0ba9c412c530","0.00","0"
"89b0c6b8-6026-4fb9-8658-d1718694bf5b","0.00","0"
"21879e7d-8b52-402b-8aff-f7e960ae27d0","0.00","0"
"8800eeff-9752-478b-9f91-f7ced188b011","0.00","0"
"e891a31b-e6ab-474d-9bd5-e759cb112253","0.00","0"
"610adab9-ca14-4fc7-9b68-e382b6291492","0.00","0"
"accb053b-b585-4f61-9dd0-99ca1671d647","0.00","0"
"2d6b3ef0-fcdd-4d1c-bacc-0735ef987430","0.00","0"
"5de163a1-5daa-4d0c-865b-ac1e47a5d608","0.00","0"
"849f604f-e110-47c3-ad1b-b88525465e55","0.00","0"
"04949265-725b-4104-84fd-5b8caa2aa5fa","0.00","0"
"8f210ba5-1fba-4169-838a-fdd76b57d390","0.00","0"
"b058e027-8db2-4812-a395-0b6a2ac4f90a","0.00","0"
"a9244ff3-a8c9-46d3-b2ac-524fdff1840c","0.00","0"
"9429773a-7e90-41c0-acee-b2ae0dae0e9a","0.00","0"
"460c2618-7faf-45f2-9cc1-aebd7ff564db","0.00","0"
"227a4576-123a-476a-9578-a956825b3994","0.00","0"
"d29ee10f-069e-4e2d-8334-5f32d99abf8a","0.00","0"
"11a2986c-6782-493b-9bd7-048adeba82f6","0.00","0"
"b9630a8e-ac59-4bd7-9e50-10abcd5ab86e","0.00","0"
"17effd7a-6018-4a7d-9f13-ff410ec78dc2","0.00","0"
"30c1d6cd-35a1-472c-bca1-a42b0fec2895","0.00","0"
"8cffd409-68a4-4a30-9e8c-a3bc00b2bdc2","0.00","0"
"c6542eeb-b2a9-4660-97b1-e38fa0640c61","0.00","0"
"63838eb6-0ada-4a51-ba86-bfbc5364781c","0.00","0"
"27ed443e-f1c6-44d4-a03a-0a80af627140","0.00","0"
"71670516-c059-4523-a832-d67a451f6339","0.00","0"
"a7e98533-6d0a-46f6-9d87-982edb181e10","0.00","0"
"59b8cb53-c633-42de-8045-b6e3bb1a0275","0.00","0"
"3560bc50-9849-4d4d-8733-f4c663e60abf","0.00","0"
"00a9da47-7f7c-4172-b6b3-b71dc03bda0d","0.00","0"
"f51c7e72-762c-4f87-9345-3f33f39750f8","0.00","0"
"e0c310c0-920e-4684-aab2-99c82bff9285","0.00","0"
"bd900c58-b715-45f9-a0d6-c7d5b4dabdc2","0.00","0"
"0d826290-af7d-4b72-b97d-841018afa6b2","0.00","0"
"8f37d835-95a9-41b1-a990-15fe439e13e5","0.00","0"
"4d6bb29b-81e8-49b1-97c5-03eadcad3772","0.00","0"
"56ba75ec-f65e-431a-9cf7-cc6d63cfe224","0.00","0"
"8b44c903-7f64-4294-a52f-2978cac13feb","0.00","0"
"8bd8174d-6021-4a9f-9356-c04bf162685b","0.00","0"
"f003fda2-ae8c-44c8-ae26-d95d80699e68","0.00","0"
"76c6003b-6124-41aa-bb89-623e859ee75f","0.00","0"
"45ad324d-ff8a-4a73-a3a7-ac24172736c5","0.00","0"
"7ee8d757-080e-4faf-a0c4-f4128c08d8b1","0.00","0"
"ff1c5127-c4ee-4950-a0bd-12bdefe66c40","0.00","0"
"3817c453-ff69-44de-9023-f60ba5733f36","0.00","0"
"0233f8b2-bb2d-4a23-b30f-c89a05c6155f","0.00","0"
"63cb63e5-1b1c-48bf-ab32-4cf4430a861b","0.00","0"
"3d8f4ec6-88d3-4e17-b9de-5fcb832c61d8","0.00","0"
"b119b461-7143-44c7-9681-edf80817aed8","0.00","0"
"1ada08bc-74ce-4190-8865-0a0ff35063c0","0.00","0"
"81ddc6b7-9c6c-41f0-9cce-58e46c1a08e3","0.00","0"
"c606e389-67aa-4cf2-b5c2-750c1374f121","0.00","0"
"c460dd78-fa77-4fac-a3fa-8a37cdcdde21","0.00","0"
"5832b42b-3b02-4b66-aa38-cf476e6c21d1","0.00","0"
"f4004c23-531e-428d-bbe7-6c0aaebf78af","0.00","0"
"1febba8b-fa65-4896-8517-dfeaa1d23345","0.00","0"
"607f0c49-3908-4d18-b219-c554c013722c","0.00","0"
"c15c7b4e-d522-4267-9078-540cdd9ca173","0.00","0"
"6c23fc57-a06d-43e3-97e7-a4fa2791a9d5","0.00","0"
"4e6d6460-db5c-4c0e-834f-cce5d93f5b00","0.00","0"
"e98bb168-39e0-4c90-8117-387fae051bf1","0.00","0"
"83ce26cd-5dd6-4163-b054-72aaac7ad4b9","0.00","0"
"3817414e-a3c8-4696-9b60-d28ac33ee10a","0.00","0"
"85351793-a90b-4d2d-ad28-8721b0f0e336","0.00","0"
"b8c55f31-4e4f-433e-b90e-264484a2b930","0.00","0"
"0b4eb818-f2fe-4ef6-be5d-65f008a1aed5","0.00","0"
"40533406-78fb-46ce-9be6-1f1c48a2a4e7","0.00","0"
"e2ecde23-88fc-4c84-9f23-6d08c938fef4","0.00","0"
"bfeba353-c0ea-42e6-aae8-a1748c0466b2","0.00","0"
"fb0aa28c-ed22-4da2-b4b2-342bd7a2aedb","0.00","0"
"2486fbc4-5137-4cd5-bbef-7ee4b6c3bf59","0.00","0"
"27111307-00bf-40f6-aeeb-1171c25de4f7","0.00","0"
"9cbf008c-e420-4742-8698-ba36d648ad42","0.00","0"
"2c6335ee-3bf5-475e-b66c-f0b55d1f850f","0.00","0"
"0ffda996-1426-4efd-8742-d8786aa19c14","0.00","0"
"ef5c94b2-5535-45f2-a18f-888320ba3d5e","0.00","0"
"763c6025-0dd6-45c6-82cd-d122af4cbe04","0.00","0"
"0cd1895c-c1b8-4e78-9c41-eefe2b10e547","0.00","0"
"ecfab94e-7b2c-408f-9b43-763933136d46","0.00","0"
"920fa41a-18b2-413c-b5fa-aa5770246483","0.00","0"
"6057c7fc-13e0-43b9-9d00-715a66e3bbea","0.00","0"
"62a94af6-6ac9-48f4-9c30-2c2be7c5e6d4","0.00","0"
"ff58bd2c-0107-4f3d-af8b-f0f481ca109b","0.00","0"
"bd24e434-cf59-4f03-8ae7-39714f101063","0.00","0"
"6ca46c21-59a6-48e4-ad37-80c548a697a2","0.00","0"
"7bb321f8-a1b2-4104-ad54-2345185c0e3e","0.00","0"
"57d49154-c362-4859-a68d-dc19901adc7d","0.00","0"
"b1d7387e-6c4f-4c08-b941-ad81819e9202","0.00","0"
"07b917ec-40f2-413c-ba2e-8050fc00152b","0.00","0"
"4fe41d9f-9de6-45ed-9a92-228c73e37a4a","0.00","0"
"93aa6124-dd76-4416-ab80-b15fd6f441b1","0.00","0"
"83d42f65-3ff2-4eae-9558-1bcfc7ce2176","0.00","0"
"1b6a9b1d-6755-499a-80c6-a7abb9a070cd","0.00","0"
"b4f8047a-80fc-47e2-8426-712cbda52507","0.00","0"
"dfc7079f-ecb4-4f99-95a3-f9deb7f062af","0.00","0"
"f7b052b3-d8e5-4ce0-a490-c314ad5a2dd6","0.00","0"
"a7a832cb-c614-4d8e-87b3-d52055283403","0.00","0"
"a8e10d98-d327-47eb-8a82-9d23235dbbaa","0.00","0"
"00d19d33-a5b6-47f1-b86b-5840d6f238ec","0.00","0"
"8889954a-79ff-43f8-aba1-744d126aaf6f","0.00","0"
"017a31a9-2b25-46e6-8b04-58409616d506","0.00","0"
"0f64bae4-1486-4265-86bc-0aee7660df45","0.00","0"
"ea462aa1-1a32-4f86-9c40-750143fbd5ae","0.00","0"
"069befd8-3ed6-4c2e-8010-bb17fa894254","0.00","0"
"2201c8d3-6182-4ae5-a9e4-2a1ce35a923f","0.00","0"
"660a679d-0c59-48d1-a645-ad88eeb6d046","0.00","0"
"72633cc9-9e06-4561-ad5f-945ce2a8a1c6","0.00","0"
"760d5a2e-044e-4f19-812c-4ee0515bc3f2","0.00","0"
"293aa23f-e2af-4ab7-90a8-30572250532d","0.00","0"
"9c786ea1-9a58-429f-a1d3-8e31b03a2914","0.00","0"
"3e96835f-b3a4-45aa-bd7b-cbd73e0b8199","0.00","0"
"24a2c811-8a9c-4dd6-bbab-88578753e3b1","0.00","0"
"fcb6d954-882d-4089-97e0-93bc19a7c06e","0.00","0"
"983c0754-ce87-4cdc-a2d1-e71fa65eb309","0.00","0"
"75d3ed1a-dc9e-4a65-b9c1-35e752036be8","0.00","0"
"c26d5580-92be-464d-b6ac-1f1321efb25e","0.00","0"
"b4be97fa-cf29-4d29-b67e-74f1d63324af","0.00","0"
"4d948a7e-7b12-4ffc-ac5c-19faa339544b","0.00","0"
"ec77ee69-c4cb-4b20-b355-483dbf67a79d","0.00","0"
"4a1d18e0-280a-4af1-aee8-43c856b36e12","0.00","0"
"e649383d-b766-40ae-abcc-162947a9233f","0.00","0"
"693a9e4e-6088-467d-9208-8bb6618401d6","0.00","0"
"72ca12ff-ef8b-43b5-af44-160241e726d4","0.00","0"
"835ff45b-1822-4df5-bf2c-435594fb2321","0.00","0"
"63adc83f-53fa-48ae-8297-feccc9d9447e","0.00","0"
"2c983386-dc0d-4630-a1c7-c2d46d6abbb5","0.00","0"
"62bed755-5402-4db8-a89c-7bf9186f4f58","0.00","0"
"fa204956-6fcf-466c-a4a2-283efb3161fa","0.00","0"
"8d316a4d-4a34-4d8c-8ad6-a82fb7879ca5","0.00","0"
"6ada8294-f372-43d6-9d7e-5f4a8eeb9a3d","0.00","0"
"408b3777-a0f3-457f-961e-aef7e1047b83","0.00","0"
"741551bc-2bb5-4cfe-9411-9ef63a86d52b","0.00","0"
"bc6f87e7-dc27-4aa0-9223-c0218bf590de","0.00","0"
"d9f44633-728f-4584-9f89-27807d2ad7d1","0.00","0"
"965c0e8f-bdee-4b50-89c3-ff22fc1d7b38","0.00","0"
"e794ffee-95c9-45b0-9a99-8a8cca842fa1","0.00","0"
"5c4b15b3-511e-4687-a18c-2270e9078513","0.00","0"
"8b738c89-88c3-4952-97de-99bf8495ec95","0.00","0"
"308f2364-62ba-49ac-9da7-92a909e14c00","0.00","0"
"e343122f-35e1-4744-9d58-2aeb3d388a30","0.00","0"
"7f2cdfc6-f97b-4de2-a62f-4d18cb4793da","0.00","0"
"4029bff1-8c46-4603-b922-08006c2ce399","0.00","0"
"67456589-dab5-4751-87b4-a2cf71f53a93","0.00","0"
"a33f6d10-7320-4c41-ad2e-c0dc548857ed","0.00","0"
"898ad489-e6ed-4350-bdee-53f9351b0a2a","0.00","0"
"db6fed81-b513-4e44-8ad7-57fb71c857fa","0.00","0"
"4c5446a0-2d8f-442b-897e-404e94ebd0e2","0.00","0"
"07d88654-9b99-43a1-803b-33ec0acfef61","0.00","0"
"8303b6d7-3d9a-4b3d-962e-b49b0d8b429d","0.00","0"
"a942183d-3ce7-402f-b8ca-5641f76456c6","0.00","0"
"548b9c9e-4359-4348-bad7-efcc033f0afb","0.00","0"
"7af4ba02-78ec-43de-9437-8c0909d6e52c","0.00","0"
"eecd45f1-1791-47bf-9eba-bafaa8a1d442","0.00","0"
"26e14586-9f75-4611-adc8-d5292217aaa7","0.00","0"
"79e3418a-e90f-47b4-b80a-54728e02b219","0.00","0"
"2fbd28c5-ad65-4abb-b89e-98d013b9b361","0.00","0"
"6826f718-341e-41bb-9939-9913564b4431","0.00","0"
"cb3c38d4-c37b-492f-8056-b99bbe931203","0.00","0"
"0a7ad551-3a72-48a2-9d4c-34638d164a28","0.00","0"
"47f52a6e-4a62-46b9-9998-b1e90bc3650f","0.00","0"
"5f9ab594-6d19-4084-b0f5-c85090016953","0.00","0"
"bffa7385-3ce2-4987-bf3d-1425be63ee8c","0.00","0"
"d408755f-9b0a-49d0-885b-6fb71c044401","0.00","0"
"734a06f9-e2dc-4090-ba39-174c797cac70","0.00","0"
"78f62269-7f7d-41d6-af02-996a09cdca37","0.00","0"
"8814511a-a965-4b42-89fd-55cc344e9ff0","0.00","0"
"ba99bda4-3b4c-43f6-b10a-8186e17ef2b9","0.00","0"
"e00b63a6-886b-4353-85f8-f83306b86870","0.00","0"
"802c71fe-54a3-4aaa-955a-fdc031e49b6c","0.00","0"
"06b5ea9d-9d42-426a-97ec-0b6d8434c47e","0.00","0"
"f21099c3-4c16-4414-aec9-69aee003e0bf","0.00","0"
"aa7ff583-c05a-49e5-820a-f999189cd958","0.00","0"
"7413c35a-ab30-4bc4-8164-38cf6a7c0329","0.00","0"
"04dd225d-3e92-436e-8c49-15c521cf2ff0","0.00","0"
"6fc81103-46f4-43ef-ae88-7e43141b2a38","0.00","0"
"6d84b168-2b5e-4d18-99c2-34bf0a6d806e","0.00","0"
"424c99ac-34dc-484c-8028-03ef5b07918e","0.00","0"
"3a5e21c0-19ad-4300-b521-9140267e6677","0.00","0"
"bc2e07ec-8a60-4aca-b939-397e399ff4b8","0.00","0"
"07869b78-0701-45cd-9b6e-37a54e261e51","0.00","0"
"e1712753-1f2e-4eea-9d36-0d3cccd9e0ad","0.00","0"
"17243c1e-9a8d-4e1d-9ed7-35064ddceff4","0.00","0"
"d232fb90-ca10-41cc-8eec-35be9c083432","0.00","0"
"34caae8d-7bed-4a9c-90a6-021a1712835d","0.00","0"
"c3315162-e60a-45df-ad4e-8da76b2c7fbc","0.00","0"
"5db1a356-050b-4156-8471-7d141eff2e72","0.00","0"
"79bbae32-a538-4e93-9994-cfbea1af51d7","0.00","0"
"d29bba89-a487-439f-afec-d3240c0442df","0.00","0"
"2eb56b4c-2bd8-46df-8cca-d6772d946b45","0.00","0"
"16bc8d5e-9f8d-4cdf-9c29-a0f48410e86a","0.00","0"
"038b7efc-fbf2-401f-913a-dd2dc2547c76","0.00","0"
"46333d8d-e699-49fb-b16f-52f43b3d3010","0.00","0"
"51398b1c-80d6-4c89-810a-ea12c80288fa","0.00","0"
"02205493-718f-4a61-b2fb-1d5782ae53b4","0.00","0"
"85538d0f-dea2-4d6e-a3f4-1bc091eb6d5f","0.00","0"
"73f3ff4c-5d8f-451e-8dca-902b8ad4fcc0","0.00","0"
"382fab43-5c8c-41a2-9827-5dcca378727a","0.00","0"
"499f964e-a35e-4351-a91b-b781daf7aa9d","0.00","0"
"dcef6469-d98e-4675-aeac-8b2e8d01b180","0.00","0"
"72d10447-c8ca-4252-9ccf-aaa9c7917e37","0.00","0"
"e433df69-a648-493b-8f75-732321db72b0","0.00","0"
"198f7837-c2f4-4e43-9eaf-8a1ce6dad45f","0.00","0"
"e24bae5f-1e57-4270-aa32-7196761a6268","0.00","0"
"08fcbf8a-9c22-46ae-b01c-047cc9b24102","0.00","0"
"cb8df2cb-9c73-4df3-b28d-b37e8d3b2b26","0.00","0"
"8dd46792-1fd5-438c-98a6-0482d3d03898","0.00","0"
"d93981e1-ea39-4e7d-bb21-935c3f63a91e","0.00","0"
"4cfd9ad8-d1b5-4079-8bc2-de373561633d","0.00","0"
"375e7250-c9e5-498d-a8dd-5a58475588ee","0.00","0"
"89b56114-27e8-44b1-a6f0-477933a2eb2f","0.00","0"
"93fd6f5d-88a2-4a90-8958-c0069f5b9296","0.00","0"
"88f898f3-b31e-49e7-aa25-6cb1ec9405f8","0.00","0"
"7e30ab8c-1af8-4fb2-a231-1c4996c57138","0.00","0"
"2ef89f25-613a-4e6a-8180-9e59d0e96056","0.00","0"
"ee187511-35d9-42ff-a0ae-cf899d6bc51a","0.00","0"
"d096cacd-8658-443f-9151-8c8922a8f5ba","0.00","0"
"9c2a530a-aa59-4f49-b597-ea1a2668c586","0.00","0"
"926c95c0-a28d-4b6b-b4b9-c8bc8a3ebffa","0.00","0"
"4e505490-3118-455f-8e8c-12d53267a556","0.00","0"
"4e25bb22-b3a3-4ab3-8330-9f9d0e25d65e","0.00","0"
"67ca204f-39b2-4b3c-81dc-228f05f44963","0.00","0"
"9289c306-dfbe-4e4a-a27f-1a3592ac97a0","0.00","0"
"561ad6fb-fa38-485d-9543-1860e5f6ba57","0.00","0"
"a672bd06-1ebe-42be-ad9f-ba5700c3c6ca","0.00","0"
"896a567a-e84b-4cdb-a20d-1884cf5d2055","0.00","0"
"1ed07eb7-6248-496b-b335-c21e86ec67bc","0.00","0"
"49c4fc6a-46d3-4136-8ec5-485aa0796c20","0.00","0"
"0bd917a9-364c-47d7-afd4-5ba2f593dbe7","0.00","0"
"39743058-119f-4db8-a2c3-5997ee610775","0.00","0"
"107a607c-18d3-4409-8c9c-e5c1fd26cdf8","0.00","0"
"6ec8b84d-38dc-42c0-9a11-bc8efe61e8a2","0.00","0"
"ed9f3a22-0f10-4fff-af57-c037f491114d","0.00","0"
"b4515c8c-ca35-45d6-98e1-73f07b29a580","0.00","0"
"bdcf3b3d-0803-4e15-8357-e9c0592883fd","0.00","0"
"647ea7dc-b7b8-4d00-a75a-ff6662440998","0.00","0"
"132c8f9c-4521-4cfb-adee-022623c949a5","0.00","0"
"283b8a9f-31b6-45d0-92a0-0956da87011f","0.00","0"
"d1f3090c-30bd-4d64-9467-4564f78e73fd","0.00","0"
"52f5972c-27de-49f7-9959-b500ef675080","0.00","0"
"b5a142c1-6cf8-47ec-873f-c0c93e4c67b5","0.00","0"
"97d56be9-1b88-4aac-81ed-47db0ebb7749","0.00","0"
"4f74cdaf-0ec2-4b56-a871-2d55f9311103","0.00","0"
"69e6f11a-a511-40a1-a775-bf7a0c0f85db","0.00","0"
"a3d61363-1c94-4f8b-a98e-3196a4548d07","0.00","0"
"beaee532-d79d-4599-980e-78ad32d2d1bf","0.00","0"
"7d03ba0c-8bac-43b8-aa12-cf27c6cbb175","0.00","0"
"6edd1559-59e5-4534-9778-429de8f3acf1","0.00","0"
"91a7226b-e8f2-42a0-9e27-d174418b5436","0.00","0"
"9721b54d-2dd2-4f32-8e7d-11739ff5ff62","0.00","0"
"6a6518a4-7d12-46f9-aeea-77af7325eb49","0.00","0"
"8226941a-b7a6-4943-8ca0-1a81068fccd6","0.00","0"
"eba05f3c-ceb0-4542-95a4-fee9c7578900","0.00","0"
"02310d7d-b850-4af9-8f00-dd7986ebf057","0.00","0"
"45f27507-569d-45a5-98a5-7a927343c918","0.00","0"
"7a8a2b38-443f-4ea2-863a-334f92c38f3a","0.00","0"
"bd782a44-2b71-4ef0-9249-b949a6465aa5","0.00","0"
"c17db38e-808a-49de-ad99-becdcbc827bc","0.00","0"
"c4307eb4-336d-4557-8d94-8e827baaaf59","0.00","0"
"ed4b8b26-3d00-4e36-9180-e5ee5400328a","0.00","0"
"eea8cd6e-74cb-4150-9d32-4b43c2d82876","0.00","0"
"562406ee-6f99-4607-a242-8a71545c61e0","0.00","0"
"c6708de8-85f0-4f7b-be0e-10e72eddd030","0.00","0"
"f76a743f-7f15-4d82-939b-f2292425d19a","0.00","0"
"5786919f-0938-491a-a20c-bca379fdc55e","0.00","0"
"d4e5a507-d9d5-4a64-8755-021181109585","0.00","0"
"5bad78db-3a4e-44c7-8703-2da96da871b9","0.00","0"
"3c846f92-1ae0-46e9-a766-80866d93cfc8","0.00","0"
"dc84ae20-93bc-4e4b-8b49-312478c6aaad","0.00","0"
"8f315479-cec3-4e39-a2db-4117e222157b","0.00","0"
"db19fb05-11ed-4ab5-9f14-364644cc5989","0.00","0"
"f863eb88-d74c-4290-9fc5-07d32dd6e894","0.00","0"
"b423581a-3c48-44bf-ae18-ff58edc8b44f","0.00","0"
"6ab53153-90d8-47a5-bc53-ed0ed9308c95","0.00","0"
"7c0ebfdd-9f76-4b5c-9906-f01f2785edbe","0.00","0"
"a879421a-bd01-4280-b39c-af3f47c4dc24","0.00","0"
"a219ff58-a59e-467b-ba87-9c7f6323fe93","0.00","0"
"ccbafe48-f83c-4e6c-b653-4c8c26e69f63","0.00","0"
"8969ee44-b0b4-403e-a86f-4709ba4c8e2b","0.00","0"
"ec3fa9b0-b07a-4fdb-aade-c93531b5d41d","0.00","0"
"26bf7d47-1b23-49c8-aaf1-2fcc047d3839","0.00","0"
"62644811-716d-4ab4-87de-d8b3784b1ee3","0.00","0"
"6f6f0b76-9456-477b-8ce5-804cd781aed7","0.00","0"
"fac51d46-8541-4be1-8b92-188d3922f41b","0.00","0"
"840c71be-f20f-4472-98be-0cedfb7f09e8","0.00","0"
"db62986c-9b37-436e-ae97-17c522261d51","0.00","0"
"0095769d-c085-49cc-823a-86469e31a6d9","0.00","0"
"72f423f8-76b3-4dba-aaa0-395a72ad8f81","0.00","0"
"c6b1a3b3-f3b8-4e92-ae7b-82fd326abb55","0.00","0"
"c1599b8c-02ab-4d73-98dd-4dae3337b46c","0.00","0"
"9538b7e9-df67-4c5f-8c83-faf28015b7c4","0.00","0"
"c845f3a5-faea-41d5-a22a-7125d7827bb3","0.00","0"
"87621cbf-c69d-41d6-92a7-d8a062686e48","0.00","0"
"6131c6bb-3af2-4db4-b8a1-d1451811f185","0.00","0"
"ab1726cb-6316-4d5b-81b7-f151830ef5e3","0.00","0"
"0cfc194f-7729-4843-adb5-22fc0c4076a7","0.00","0"
"be1ec019-f056-41cd-a56a-99b915f8b37a","0.00","0"
"9f5f92b5-4cf8-46e4-b52b-f8275cc11c36","0.00","0"
"6b16a94e-2a94-46a0-b65e-85fc04a3f858","0.00","0"
"f87af703-c7b1-42c4-83cb-a8e9c5c9887b","0.00","0"
"038e7c9a-c8fa-479e-b6a3-2178d337333b","0.00","0"
"adb67a26-ac9c-4db6-8e5e-5377aac9a900","0.00","0"
"49acf211-498b-4f75-a532-40114e6fae59","0.00","0"
"df1a3e9e-717f-4d60-a353-7fc407e67c59","0.00","0"
"6b3b2e7c-2252-4021-a855-755fbdb6cff5","0.00","0"
"c437897d-675e-4e24-ba7e-bbbae89ff783","0.00","0"
"0323cd4a-5693-4a41-9e8f-81ca73975390","0.00","0"
"cb9a9ef0-a0b3-4a27-a51a-ab98156fa415","0.00","0"
"97c0157a-a3dc-45f4-ac9b-6aa966c8b707","0.00","0"
"18e7b3a2-605f-42a4-aa6f-407e7a4058a3","0.00","0"
"2f559003-33b4-4f9b-ae5b-7d08dd6e8555","0.00","0"
"234eeea1-7c94-4ec6-bde7-7a9afc678db3","0.00","0"
"3333868c-3150-4971-9600-04b2bc8f88eb","0.00","0"
"3e4235a5-02a1-4661-8faa-8395039ba7bb","0.00","0"
"423e6674-a6a6-45b6-9d84-aa33ff7f254e","0.00","0"
"4f0ab7b3-d680-4a6b-bf12-ee6f868daac1","0.00","0"
"146c4748-4800-4644-b240-270946131853","0.00","0"
"c617870e-e612-411c-b5a2-d3002b3f3f33","0.00","0"
"dbea9508-08f1-4677-9539-7d9056a24202","0.00","0"
"1ad6dcaf-b7d4-48d1-90cd-274a303678d8","0.00","0"
"ed5fa17f-ef77-4aad-a77e-cf5258a97aa4","0.00","0"
"dddec16c-c279-47e6-95fc-143e73c91f75","0.00","0"
"8a1f8075-692c-46ea-a349-7b20dbd4c3e9","0.00","0"
"3b1f353d-5b03-4139-893b-e7b0409d8bab","0.00","0"
"0eb0a9d8-2c25-4c1b-a937-eac86a695840","0.00","0"
"f70c8506-c6d5-4204-9847-262645d48492","0.00","0"
"5985931b-f93e-477f-a6fa-643830efbf55","0.00","0"
"1d67ee9c-3bd6-4bcf-b88c-4b301aca5858","0.00","0"
"af6c5ef6-8fd8-4cf5-a33f-c7b4aceac6f3","0.00","0"
"4ce83656-d2d0-44e5-8051-d90fc192ea2f","0.00","0"
"c286961e-dd59-4226-8475-4f00b5a909d8","0.00","0"
"a3ccb8ce-ffd0-4eae-88e7-b6156d2016c3","0.00","0"
"851d6649-de4a-4ed4-ade0-e43af000e20d","0.00","0"
"5c2012c9-b675-4391-9951-3f8801e72c31","0.00","0"
"3896c65d-9f4b-467b-823e-12a8b5d1d652","0.00","0"
"5b2ff4b6-6dd8-4358-9290-2c5b24c52173","0.00","0"
"11a1222c-7ce0-43e7-a893-002196d1eb93","0.00","0"
"43193004-0c0c-4c8a-bf20-319a8a7cacd4","0.00","0"
"bdd0c50e-d936-4523-b127-5ae6abc5f045","0.00","0"
"e833443b-3b2e-4765-ab5d-cf249a5a0a49","0.00","0"
"64c1852c-1a62-483a-9899-4d2c3c399549","0.00","0"
"56032e67-85ca-47e1-9d60-14ca76de1952","0.00","0"
"6e574e1d-c5ed-48f8-82d3-f7a9725aa07e","0.00","0"
"87a55b89-2b27-44aa-8727-2484cd2fa140","0.00","0"
"45a4e9cd-108a-45a9-886e-a8833781f7a9","0.00","0"
"0a2a6cde-6df0-44ed-92da-d053cefbf43a","0.00","0"
"46d5fe49-c614-4c9a-ab00-3b0f1b628666","0.00","0"
"707ea095-5b0d-4abb-8397-05082ce39bd3","0.00","0"
"df296b87-04ca-4929-92f8-dc317bc76619","0.00","0"
"dba7ec9c-eef2-4f3c-865c-a0b3605597c5","0.00","0"
"8db52299-4c68-40b6-b9fe-edb97020c2e7","0.00","0"
"36456045-5875-422d-b866-d07e1b522c91","0.00","0"
"fc81aa31-1f40-4c6b-a060-16e1fdaabc9a","0.00","0"
"f8e99c88-c302-4644-bf57-b4ee417a88f2","0.00","0"
"414263b3-7cf7-4bbb-a5f2-a32175d2d722","0.00","0"
"9e272f68-8fb5-4acb-9d69-70bee83ead13","0.00","0"
"b8f185f4-bf9a-45e2-8422-488848184f76","0.00","0"
"b3d8df9c-d532-4a44-8626-6c86a60d8737","0.00","0"
"c6a423ce-9e2e-45e3-a2d5-37b8c94bdfec","0.00","0"
"de98c91f-2a5f-4fb3-8cdf-aadb44792657","0.00","0"
"bb45b8ca-ee4c-4cdd-81b9-37cba3e305df","0.00","0"
"99ebff0a-0511-4a61-b103-ff9dafc529d8","0.00","0"
"b91f0e3d-1fd7-40dd-8b07-56cb094d3073","0.00","0"
"e93853a0-2ea7-4dec-bb68-66250d86db95","0.00","0"
"8c663303-ca89-45c2-9491-c7f4213a8496","0.00","0"
"74587814-df03-4209-8fe7-d30b95d78968","0.00","0"
"9875ba68-8aab-4b1c-b84f-08ecd311d308","0.00","0"
"566e353f-7b70-4c6f-8c7b-6b51d3d8d6a2","0.00","0"
"9da9878a-5a41-4a44-b548-4f86414913df","0.00","0"
"b2158709-50d5-40d2-b94e-f78aead36b7f","0.00","0"
"4424c80e-cb2a-4a57-9a0c-857180100156","0.00","0"
"001fa002-3e12-415a-a799-81281bff4fa6","0.00","0"
"de353fed-58c5-4aa9-bbe7-24d90ca3b124","0.00","0"
"9a615360-5e31-4d2e-b4f7-6687dd641381","0.00","0"
"1adbf70c-83a4-4563-8691-bee855970100","0.00","0"
"46e8ce28-56d9-4f11-801c-56174a6dcdd3","0.00","0"
"8d7bc4c3-163e-4690-8e0d-dd7a73178806","0.00","0"
"536cf7ad-20f2-4736-8d3f-9254d352ecc8","0.00","0"
"bad774bd-3b91-4ffd-ac9c-0ad81f91b710","0.00","0"
"c9a5489e-d864-44d9-ad85-0ae45151d4cc","0.00","0"
"8516f9d4-0342-4123-812e-c5b0237fcc21","0.00","0"
"945cec15-3f57-4264-8467-b7973c44e78d","0.00","0"
"3ecae19b-de27-46f1-af10-1f31f1e8ca9d","0.00","0"
"c17d53c2-c8f4-414d-b6f4-73768ff0d899","0.00","0"
"6bd26a6e-b0b4-479d-976f-a3447ae9d186","0.00","0"
"1a6002bb-77d9-4c0e-a2eb-0e187d25b966","0.00","0"
"aed05cd5-a2d8-47d9-b7d0-8ce635e03d84","0.00","0"
"cc12257a-7944-4fdd-933f-5fabb9f8da9b","0.00","0"
"5d923cbf-1e79-4f84-9478-c71f52d6d1c1","0.00","0"
"e04458e3-2b0c-4307-9b32-a65bacdc73ef","0.00","0"
"58fb9b73-393d-4fd8-9859-d43e51cd1179","0.00","0"
"93326649-a246-499b-b2b0-9359c9817e98","0.00","0"
"800a4c9f-5755-4908-a55f-3ea571c74e74","0.00","0"
"dfa513aa-2a04-40da-8869-eba7b682ea7c","0.00","0"
"39d9df6d-8735-4cb4-9632-931dc498581a","0.00","0"
"5663d7cf-57a2-4c99-b856-64df06fcd3f7","0.00","0"
"1d722a75-446f-4b1c-8e4a-b369a1001d5b","0.00","0"
"711d1afc-8e0a-4c47-a044-c998c67d953f","0.00","0"
"fd9ae176-5617-46ee-b2a2-2b3bbb185991","0.00","0"
"0d6e9154-1b57-4711-9fa5-739fc00f594b","0.00","0"
"55c81035-ac96-4a8b-9ea8-9190d612e106","0.00","0"
"a5a9a005-a3b0-4bc0-8ec8-8def34252dcb","0.00","0"
"5bc0b6c3-00d3-420d-b828-376e22f974e9","0.00","0"
"27fb245e-30f2-43f5-9357-0f2604e1c46d","0.00","0"
"41eb133c-fbf2-4e85-9362-144d823b9950","0.00","0"
"26c88f39-0f22-43d8-8eb2-a333794bd552","0.00","0"
"aa67b79f-9ed2-463d-b721-a92f53de4460","0.00","0"
"f61d99d5-37ce-49a7-9fdc-4b83f4fe57c6","0.00","0"
"4e559133-1c02-4565-89f4-c827d626cd03","0.00","0"
"edb6589b-6fc0-4044-9866-acedd1a37c07","0.00","0"
"42b234d4-c65c-4520-a615-e0a6c5fd43e0","0.00","0"
"4c741bb1-7d39-44e0-acf8-2fb9d3848e14","0.00","0"
"d80447d7-1503-4aa7-981f-503729a25094","0.00","0"
"da92b814-a913-43f9-b856-13631b7459d6","0.00","0"
"ac1834d3-ce8a-435b-82a3-1fa3bf0d7985","0.00","0"
"64415c07-e60c-4a7d-ad6d-9cbafbd3f985","0.00","0"
"5be005ed-d4dd-426e-bbcb-7abc5c796548","0.00","0"
"4828b104-ae32-405a-9afb-e715aa822c65","0.00","0"
"2aaf1e16-b3d6-435c-81ff-5ddc50447b96","0.00","0"
"16d492c4-bc49-4ef9-bc86-586df90411f3","0.00","0"
"60fed8c4-d0ec-4be8-8229-eddf60ef8653","0.00","0"
"86ba1963-e0be-4d47-b603-854fda02d17c","0.00","0"
"86b574f5-49c0-4d79-a22a-422462d4c1e9","0.00","0"
"9fe1b7a0-306e-401d-9b8e-72f08c1a78e9","0.00","0"
"52bc78f1-7e9d-4f99-a233-398446a50032","0.00","0"
"353936b6-6cdc-416c-8796-1a60177f3994","0.00","0"
"49293a9f-0127-40bf-909f-0262130cf6f4","0.00","0"
"73ee1a11-f66a-4ba8-9375-67461c8a3f13","0.00","0"
"2d957e04-8338-47c1-804e-ec36f787c4c8","0.00","0"
"5e33370d-2643-4d50-8304-96b72c73762f","0.00","0"
"2d0902b7-b8a5-4606-9a37-3364f83ba1b0","0.00","0"
"54ac3d13-e55b-49da-b657-e39a210e26d8","0.00","0"
"3d637128-6f28-494a-a418-c1f21702cbe2","0.00","0"
"61317152-8227-4a70-96a2-96d758128246","0.00","0"
"6366341e-22cc-47f7-b140-fe735eeeceb8","0.00","0"
"f92364b0-7450-499b-8f70-002b7848a840","0.00","0"
"2aa00e0b-c8c0-435b-a58c-21f1bc80845b","0.00","0"
"acc4b9ec-954c-42d2-85b1-9e9d724662bf","0.00","0"
"13079bd0-e481-48f7-8cf8-052b8250e8ee","0.00","0"
"8dedcaf6-9b44-4ab5-a31c-f37f826bd4e8","0.00","0"
"b065e5bc-bba1-4d22-bce3-2a11fe908889","0.00","0"
"f001e2e9-fff5-48c8-aae8-af469eea220d","0.00","0"
"0e002658-c489-4d90-842f-881bfe9969ac","0.00","0"
"a88616dd-9e5b-46b6-8b80-3ac125a0a8f4","0.00","0"
"b7546850-ce7f-4fbb-9d8f-0c3aff6f2e5b","0.00","0"
"e9039de7-d1fe-4164-bd0c-b9c3be4ad891","0.00","0"
"897d1954-593f-47ed-9bc2-67ed8229b13f","0.00","0"
"9dc1e230-7c69-45d2-9b8c-9841c0116d90","0.00","0"
"dbdecfe0-3f99-4e50-ab18-696b44cfcf95","0.00","0"
"20192241-a127-46ae-abd6-fe01fade2d23","0.00","0"
"de9056e2-2edd-494e-bddd-55980a50fd17","0.00","0"
"0fdcebd4-539d-4bf9-bdb8-bd572f2fa271","0.00","0"
"de036d9f-2692-40e5-b4eb-99629045fdb8","0.00","0"
"c9f52627-5aeb-467c-b975-f2284cb10d4b","0.00","0"
"fa52fc03-50cb-4b02-9497-de754fe8704d","0.00","0"
"dcfe799a-24fa-4f88-be88-0b071f9adc07","0.00","0"
"a82a497f-a39d-49bd-84db-f68e399b191e","0.00","0"
"280eced2-cfaf-4c0a-b2bb-58b7734fffa7","0.00","0"
"a53d5dae-4245-4d00-b434-348392aecc0a","0.00","0"
"ff43fedf-9f7f-46ff-86e0-e2f15f29b3a1","0.00","0"
"17c04a1e-83c6-47de-9926-6f011f0a01cd","0.00","0"
"61bba3f9-fb63-403d-b382-382046e12327","0.00","0"
"de9b230c-e54a-426d-8461-41ba57512b25","0.00","0"
"1331af15-bda3-4764-bd34-8bd8b926e98f","0.00","0"
"76526f36-f016-4a54-b03c-438cce41769c","0.00","0"
"9b849415-ac25-4520-ae1e-a1bec13e3b1b","0.00","0"
"a035f627-e241-4cd4-bdad-e6a0bdc6a38e","0.00","0"
"5f21a3d8-7922-4e01-922d-668553ed16ba","0.00","0"
"b4b34a5a-e35b-4f81-bcd2-f9dd1733624b","0.00","0"
"aca6ea56-a645-4bdd-be61-8373578227f4","0.00","0"
"0785a6a1-05de-45b2-9ff2-da6b754d4e1b","0.00","0"
"cdc1305c-98ad-45b7-af34-6759a1360392","0.00","0"
"71c20b76-cca0-4a6e-a82f-7c4b5526da18","0.00","0"
"6be2a837-4fab-4094-a115-5ed2dc013dc8","0.00","0"
"ab933bf3-2014-4748-b2d8-d1f9d80e6992","0.00","0"
"3c93560d-caff-47a8-a8fe-51bccfcca3f5","0.00","0"
"3ef6b8b5-5be9-4cdf-8d04-ff00b689a811","0.00","0"
"abbe7e3a-b80f-4f5f-8bbe-77874cdc0cdf","0.00","0"
"c6e32a3f-ea71-432b-9dc8-ad2166910809","0.00","0"
"942de663-0676-4a4a-b519-8841b680f4b5","0.00","0"
"496793c8-5ec0-4f41-bfa8-563cc116cbe3","0.00","0"
"1801a9a5-da2f-4cbf-9618-ec47632b53e2","0.00","0"
"cd07f692-86fb-4fdf-be36-540764720b56","0.00","0"
"3a7998f9-5a1e-4724-b55b-069b56dd0f4b","0.00","0"
"66423337-bc29-496a-b230-e6ffdea2ffc7","0.00","0"
"a68bada7-5610-4e9b-9642-0e0877ee5dde","0.00","0"
"02dd6e11-3175-458b-a25f-dae03385ba50","0.00","0"
"0403bb32-4cfd-4520-bbd8-9a2ec71893ae","0.00","0"
"a35ee73e-2441-49b1-8241-8fc9684a280f","0.00","0"
"c94ebb61-21b5-453f-b0a2-a29f49e32c5b","0.00","0"
"0844587f-ef5f-4a09-8228-56b8fd2468da","0.00","0"
"7ad4b78b-a581-486d-b321-db40e0bab209","0.00","0"
"58198089-f847-4fd8-9863-ebe6c80a4570","0.00","0"
"febf76f3-48a7-4d00-ad84-444cc8072e89","0.00","0"
"aeb913ae-c3da-4a3e-bf47-7b61549241d8","0.00","0"
"0da92f5b-6b55-4ce1-99be-f6b2824ed313","0.00","0"
"3df2943d-f3b9-4297-b848-89b2beb93550","0.00","0"
"61918d1b-2a2f-4515-9304-d1d202262caa","0.00","0"
"ce9c08ff-29fd-4ce8-8a9b-441fb66f2cd6","0.00","0"
"7d7b3634-2c12-4c11-98f5-808d6631f874","0.00","0"
"198a249f-19b4-46b6-9985-370338da6cbe","0.00","0"
"863010a5-a299-4294-b1ab-8549f1935fad","0.00","0"
"5f2255e0-aee7-4138-856d-3147d5d57f6b","0.00","0"
"45ef35bb-8e24-4bee-8d6e-6dee0ac7bd33","0.00","0"
"a298b06a-edb6-44bb-b1c9-48d5bc7635a9","0.00","0"
"9c77439b-3e99-47d2-9743-d38fb8b00508","0.00","0"
"1da28737-c5e6-4173-bfde-57f8b2f8c59b","0.00","0"
"c7a91633-7fda-45f2-828d-4fcc8e0fa707","0.00","0"
"ce3977a1-c654-49c1-80c0-396e6cb5f8f9","0.00","0"
"19a68a8f-991a-48ef-97e1-bd11b5353156","0.00","0"
"a20f90c7-286a-4a3d-99ba-d80cb07d9420","0.00","0"
"602c64da-f7d3-4dda-ae1b-2d4f891f9f54","0.00","0"
"422c2323-c9c6-44df-befe-be10a6ee4b93","0.00","0"
"62c15937-09e0-49a2-b061-e472df94c925","0.00","0"
"6d8e0850-9a8f-48e0-9e96-7a4123a89200","0.00","0"
"c67756c8-c61e-440e-b405-6eaccb91fc0c","0.00","0"
"dd9afebe-ead6-4745-9fc9-1a6a78f46562","0.00","0"
"ebc16eb6-b3e5-4d19-ad34-cb4849fddda9","0.00","0"
"c2612f1f-5872-4c98-aa23-8020bed1f2cb","0.00","0"
"d768815f-fac5-4df7-9578-f53b59b4763c","0.00","0"
"0c260111-3258-4a9a-a890-e433f0d5a8bf","0.00","0"
"094517f4-8912-44cc-aba9-8d78d0b17853","0.00","0"
"e2af6bbe-33e0-49ff-951d-583acb114528","0.00","0"
"d56502f7-4c11-4ca5-bc86-8eabde54a07b","0.00","0"
"6c5b6e68-9b53-4e13-9524-390b02767d24","0.00","0"
"09eb773b-9bd2-4f89-8daa-db4ee0bf9f9c","0.00","0"
"ee513b4e-8cbc-463f-80b1-ab16e3699bd0","0.00","0"
"c7cb1f1c-a1b6-4d5f-a60c-b2dc3399bc8e","0.00","0"
"fb9b5cfc-e55d-4f68-87c0-739bd4426bd4","0.00","0"
"189ca62b-275b-4517-89f9-68059c7d38ad","0.00","0"
"bc087b5c-5760-420b-a395-ab102779402b","0.00","0"
"00c63f07-d35e-4a82-851e-3c083fe706a6","0.00","0"
"eb9d4e69-c58a-4139-816e-8cb5b76b7600","0.00","0"
"9dc90923-10b5-46a8-ba50-9075af8059b5","0.00","0"
"54f02efc-9d70-4b40-a3d4-b2f0b425fbbe","0.00","0"
"8877d3fa-f439-49a4-bde9-7c93538e59b1","0.00","0"
"8a0235b7-ecce-4d55-a7a0-773039a8adcc","0.00","0"
"e2c8e651-8ea2-4dad-a821-e5f3c4a02d38","0.00","0"
"1bce8f72-0a28-4b00-8bcf-f864d00c66a9","0.00","0"
"ee18e934-7005-4f28-ab51-ff83b121858e","0.00","0"
"3aae728c-ee68-4759-af39-52aed59fdef3","0.00","0"
"6de072f9-47f0-45eb-82b8-89311d87700f","0.00","0"
"b7f6d5f5-27af-46fb-a5db-07471ae0391b","0.00","0"
"b1e3e4b6-be0e-4941-8f75-37b422858ebb","0.00","0"
"bf62b5ed-3ba5-4f6e-8be6-99f28ac2e2f0","0.00","0"
"7dddd837-506e-47ef-94db-53fea685eb6a","0.00","0"
"4766bbe0-4ebf-43f3-9b38-807a77dd7b49","0.00","0"
"9de8c5c9-2684-4df3-9278-2138d9ed4a69","0.00","0"
"1d0a8bf2-ba87-4520-b8cf-c075ca21ddf0","0.00","0"
"ef25839e-d412-4cea-832c-be3d1b241a57","0.00","0"
"998a1d29-42a5-4444-8d13-a4bd4eca3a7e","0.00","0"
"8ad47420-d8ec-4f1d-ad30-2a14629b6c31","0.00","0"
"826b116e-7f8f-4bc3-9a37-e0a438847f03","0.00","0"
"f703df36-80b2-455b-96d9-b6301bb1c829","0.00","0"
"b1fb76b3-c9bb-47e9-bc1f-510a285be72b","0.00","0"
"1d90163b-7299-4e40-8522-d43c684c5989","0.00","0"
"b3cfc35d-e5ac-467a-8d38-598b65fdf5b1","0.00","0"
"aad3dac5-f748-4bcd-a9bb-ff092cafad74","0.00","0"
"66f2424c-5752-4865-a8a3-25109d3610c8","0.00","0"
"b02d956a-3d90-457d-9898-7bad151c092e","0.00","0"
"8ba3104d-6533-47a3-b685-cac8c43a83d3","0.00","0"
"c8ca56bf-1889-4530-8405-4b233c9f42fe","0.00","0"
"1023d40a-5aa1-40ae-859a-f6ff70356dfd","0.00","0"
"df5a6797-cc9b-4bba-a386-b05262efbbd6","0.00","0"
"35edd85c-fd95-4ad5-9125-97eaa15227fa","0.00","0"
"de078c74-b016-4d25-99be-8eb294a7199a","0.00","0"
"25130131-74df-4e00-a83c-1b03ac2512a1","0.00","0"
"f8955c44-5bdb-44dc-9c48-7aee0ce69b60","0.00","0"
"b8e60f32-c756-4f78-8811-21f9f9f07739","0.00","0"
"d2c4d848-5f72-49f5-94a8-7101ff7c6404","0.00","0"
"75be6625-7080-4aab-960b-f85e4646291c","0.00","0"
"767ce30f-f105-4b80-993d-d1e8b64bae2f","0.00","0"
"812162bb-89c2-442b-a4e9-6b934da6de5b","0.00","0"
"867b61f2-71e2-4acd-80ca-b1c3305a8bc2","0.00","0"
"592b502a-c0af-4efc-b581-bc2c8d1f40fb","0.00","0"
"f0ea4519-79e7-4231-8af9-d06608830ec4","0.00","0"
"0e7e126a-874d-42f1-8efa-1875d1f7077e","0.00","0"
"7b5a4209-6f56-46b1-882e-b4e52effde9a","0.00","0"
"6f5c8a9a-539b-4e1e-bcfa-fee45dcdb99e","0.00","0"
"19e788b0-0558-4379-9ecd-2970a2288f10","0.00","0"
"f7e4525a-824e-4d53-9bd8-be7b12fec5a7","0.00","0"
"b29dcde4-f188-4105-9374-7c96105c6eec","0.00","0"
"e6dfab3e-f1c2-4793-9ca1-3c80bfbd7d18","0.00","0"
"f909c072-0ae3-4550-8154-38718dfb2f84","0.00","0"
"cdcc9366-45fd-47f4-8f50-eae26a91b074","0.00","0"
"fc4d27bc-acc7-4075-98c7-2ac7f3066428","0.00","0"
"f38e3b4a-80e5-4244-9b73-f31d2052ab82","0.00","0"
"73c55f06-5e40-4fca-a8af-7ce8ac48083f","0.00","0"
"576f6ed3-64f3-4925-bd95-b7dc7a6a5b9b","0.00","0"
"8879c506-c2a4-4e3d-af34-4468848c6bf9","0.00","0"
"4a93ddb4-b0f2-4652-ac2b-c4d39b480738","0.00","0"
"984ceff7-8461-42a7-979d-20588faf2430","0.00","0"
"ca8c7235-49f0-4309-bd7d-13f831d0b4d8","0.00","0"
"09659522-26fa-47a9-8b4b-9c85218ad416","0.00","0"
"040ca19e-26ea-4a91-b772-196a893f8ccf","0.00","0"
"c948b48d-0e72-48d0-be44-a563c2ef18e0","0.00","0"
"9141bf62-d2e1-42f1-ba9a-40865c5cd5a3","0.00","0"
"8be9af1f-3a66-4c88-a474-ef57da009ffe","0.00","0"
"0a42bf9c-d863-4fe8-80b6-21bb82c41ba2","0.00","0"
"daddd11b-f995-4d34-a29d-dcab3a919b00","0.00","0"
"09e27c90-cf2b-48d4-9e4e-d60427529fa6","0.00","0"
"65de5d6c-7da2-411c-aef1-3b7e045ca2e6","0.00","0"
"83cb7e46-9332-4780-86bc-db7cfb59fdce","0.00","0"
"d8e9d32b-273d-4e75-8dba-330b7fbf3a76","0.00","0"
"06ae41f2-2161-41e3-a98c-5f5e175cd81d","0.00","0"
"b9aafdf2-b930-4991-9e55-6831a6b51e33","0.00","0"
"ee45021b-5ada-4d12-b8a9-57c8e6e265d5","0.00","0"
"03f969c9-4820-44a2-b5b8-5363b08f8b0d","0.00","0"
"cfea92f1-e387-4bf2-ba03-143af340286d","0.00","0"
"f26e6b55-9fda-4081-be92-11ff3ff2497b","0.00","0"
"25008787-aa87-438b-8213-1ab7e5ee708b","0.00","0"
"b7fd7ec3-a45e-4ddc-bdf7-00d1d392275e","0.00","0"
"313c0aac-fc8f-4e79-bd07-d763e8ccd4d3","0.00","0"
"bde6af64-e398-4024-b8f4-684e2fcfe92a","0.00","0"
"e6e25203-9435-4a2b-ba25-e80b67192813","0.00","0"
"fd9e23b5-9b04-408d-9386-abf984899c16","0.00","0"
"b4df5a03-7b7d-4d3a-988a-ef124b87f9b2","0.00","0"
"02425853-19ba-43f3-9288-4fb5b59f61ca","0.00","0"
"1c5f7d73-1c7c-4d80-94fe-84202b6fe7fb","0.00","0"
"d89c9e44-372c-498d-a45a-1703d7c88aa6","0.00","0"
"b88a9932-80c3-4624-9750-e4ca4b7c5e3f","0.00","0"
